{
  "version": "0.2",
  "$schema": "https://raw.githubusercontent.com/streetsidesoftware/cspell/master/cspell.schema.json",
  "language": "en",
  "words": [
    "abortable",
    "Addrs",
    "ahadns",
    "Alives",
    "asym",
    "autoshard",
    "autosharding",
    "backoff",
    "backoffs",
    "bitauth",
    "bitjson",
    "bufbuild",
    "chainsafe",
    "cimg",
    "ciphertext",
    "circleci",
    "codecov",
    "commitlint",
    "dependabot",
    "dialable",
    "dingpu",
    "discv",
    "Dlazy",
    "dnsaddr",
    "Dockerode",
    "Dout",
    "Dscore",
    "ecies",
    "editorconfig",
    "Encrypters",
    "enr",
    "enrs",
    "enrtree",
    "ephem",
    "esnext",
    "ethersproject",
    "execa",
    "exponentiate",
    "extip",
    "fanout",
    "floodsub",
    "fontsource",
    "globby",
    "gossipsub",
    "huilong",
    "iasked",
    "ihave",
    "ihaves",
    "ineed",
    "IPAM",
    "ipfs",
    "iwant",
    "jdev",
    "jswaku",
    "keccak",
    "keypair",
    "lastpub",
    "libauth",
    "libp",
    "lightpush",
    "livechat",
    "Merkle",
    "mkdir",
    "mplex",
    "multiaddr",
    "multiaddresses",
    "multiaddrs",
    "multicodec",
    "multicodecs",
    "multiformats",
    "multihashes",
    "muxed",
    "muxer",
    "muxers",
    "mvps",
    "nodekey",
    "nwaku",
    "opendns",
    "peerhave",
    "portfinder",
    "prettierignore",
    "proto",
    "protobuf",
    "protoc",
    "reactjs",
    "recid",
    "rlnrelay",
    "roadmap",
    "sandboxed",
    "scanf",
    "secio",
    "seckey",
    "secp",
    "sharded",
    "sscanf",
    "Startable",
    "staticnode",
    "statusim",
    "statusteam",
    "submodule",
    "submodules",
    "supercrypto",
    "transpiled",
    "typedoc",
    "undialable",
    "unencrypted",
    "unmarshal",
    "unmount",
    "unmounts",
    "untracked",
    "upgrader",
    "vacp",
    "varint",
    "waku",
    "wakuconnect",
    "wakunode",
    "wakuorg",
    "wakuv",
    "webfonts",
    "websockets",
    "wifi",
    "xsalsa20",
    "Привет",
    "مرحبا"
  ],
  "flagWords": [
    "pubSub: pubsub",
    "pubSubTopics: pubsubTopics",
    "pubSubTopic: pubsubTopic",
    "PubSub: Pubsub",
    "PubSubTopics: PubsubTopics",
    "PubSubTopic: PubsubTopic",
    "DefaultPubSubTopic: DefaultPubsubTopic"
  ],
  "ignorePaths": [
    "package.json",
    "package-lock.json",
    "yarn.lock",
    "tsconfig.json",
    "node_modules/**",
    "build",
    "gen",
    "proto",
    "*.spec.ts",
    "CHANGELOG.md"
  ],
  "patterns": [
    {
      "name": "import",
      "pattern": "/import .*/"
    },
    {
      "name": "multiaddr",
      "pattern": "//dns4/.*/"
    }
  ],
  "ignoreRegExpList": [
    "import",
    "multiaddr"
  ]
}
