{
  "bootstrap-sha": "aead369227b49ea9c4619dec48f079ebfc0c85db",
  "plugins": [
    {
      "type": "node-workspace",
      "updatePeerDependencies": true
    },
    "sentence-case"
  ],
  "release-type": "node",
  "separate-pull-requests": false,
  "versioning": "always-bump-patch",
  "group-pull-request-title-pattern": "chore: release ${branch}",
  "packages": {
    "packages/utils": {},
    "packages/proto": {},
    "packages/interfaces": {},
    "packages/message-hash": {},
    "packages/enr": {},
    "packages/core": {},
    "packages/message-encryption": {},
    "packages/sdk": {},
    "packages/relay": {},
    "packages/discovery": {},
    "packages/react-native-polyfills": {}
  }
}